{
    "users": [
        {
            "id": "1",
            "name": "Admin@gmail.com",
            "email": "admin@odc.sn",
            "password": "passer1234",
            "profile": "Admin",
            "image": "assets\/images\/1.jpeg"
        }
    ],
    "promotions": [
        {
            "id": 1,
            "name": "Promo 1 Dev Web",
            "status": "inactive",
            "etat": "terminee",
            "image": "cloud.jpg",
            "date_debut": "2024-01-01",
            "date_fin": "2024-12-31",
            "referentiels": [
                1,
                3,
                "68055a4959120",
                "680559b417dab",
                "680554ece9556",
                "68055b45eb279"
            ],
            "apprenants": [
                {
                    "id": 1,
                    "name": "John Doe"
                },
                {
                    "id": 2,
                    "name": "Jane Smith"
                }
            ]
        },
        {
            "id": 2,
            "name": "Promo 1 Data",
            "status": "inactive",
            "etat": "terminee",
            "image": "cloud1.jpg",
            "date_debut": "2024-02-01",
            "date_fin": "2024-12-31",
            "referentiels": [
                2
            ],
            "apprenants": [
                {
                    "id": 3,
                    "name": "Alice Johnson"
                }
            ]
        },
        {
            "id": 3,
            "name": "Promo 3 R\u00e9f\u00e9rents Digital",
            "status": "inactive",
            "etat": "terminee",
            "image": "cloud.jpg",
            "date_debut": "2024-03-01",
            "date_fin": "2025-02-28",
            "apprenants": [
                {
                    "id": 6,
                    "name": "David Lee"
                },
                {
                    "id": 7,
                    "name": "Emma Davis"
                },
                {
                    "id": 8,
                    "name": "Frank Miller"
                }
            ],
            "referentiels": [
                "1",
                "68083304e5616"
            ]
        },
        {
            "id": 4,
            "name": "Promo 4 DevOps",
            "status": "inactive",
            "etat": "terminee",
            "image": "cloud.jpg",
            "date_debut": "2023-11-01",
            "date_fin": "2024-10-31",
            "apprenants": [],
            "referentiels": [
                "2",
                "4",
                "680551196d5ac"
            ]
        },
        {
            "id": 5,
            "name": "Promo 5 IA",
            "status": "inactive",
            "etat": "terminee",
            "image": "cloud.jpg",
            "date_debut": "2024-02-01",
            "date_fin": "2025-01-31",
            "apprenants": [
                {
                    "id": 9,
                    "name": "Grace Wilson"
                },
                {
                    "id": 10,
                    "name": "Henry Ford"
                }
            ],
            "referentiels": [
                "68055a7e7d4e3",
                "3"
            ]
        },
        {
            "id": 5,
            "name": "Promo 7 IA",
            "status": "inactive",
            "etat": "terminee",
            "image": "cloud.jpg",
            "date_debut": "2024-02-01",
            "date_fin": "2025-01-31",
            "apprenants": [
                {
                    "id": 9,
                    "name": "Grace Wilson"
                },
                {
                    "id": 10,
                    "name": "Henry Ford"
                }
            ]
        },
        {
            "id": 5,
            "name": "Promo 9 IA",
            "status": "inactive",
            "etat": "terminee",
            "image": "cloud.jpg",
            "date_debut": "2024-02-01",
            "date_fin": "2025-01-31",
            "apprenants": [
                {
                    "id": 9,
                    "name": "Grace Wilson"
                },
                {
                    "id": 10,
                    "name": "Henry Ford"
                }
            ]
        },
        {
            "name": "promotion 2025",
            "date_debut": "2025-04-20",
            "date_fin": "2025-05-02",
            "image": "cloud.jpg",
            "status": "inactive",
            "etat": "terminee",
            "apprenants": [],
            "id": 6
        },
        {
            "name": "promotion 2025",
            "date_debut": "2025-04-20",
            "date_fin": "2025-04-22",
            "image": "cloud.jpg",
            "status": "inactive",
            "etat": "terminee",
            "apprenants": [],
            "id": 7,
            "referentiels": [
                "68055a7e7d4e3",
                "68055b45eb279"
            ]
        },
        {
            "name": "promotion 2025",
            "date_debut": "2025-04-20",
            "date_fin": "2025-04-22",
            "image": "cloud.jpg",
            "status": "inactive",
            "etat": "terminee",
            "apprenants": [],
            "id": 8,
            "referentiels": [
                "4"
            ]
        },
        {
            "name": "promotion 2025",
            "date_debut": "2025-04-20",
            "date_fin": "2025-04-24",
            "image": "cloud.jpg",
            "status": "inactive",
            "etat": "terminee",
            "apprenants": [],
            "id": 9
        },
        {
            "name": "promotion 2028",
            "date_debut": "2025-04-20",
            "date_fin": "2025-04-30",
            "image": "cloud.jpg",
            "status": "inactive",
            "etat": "terminee",
            "apprenants": [],
            "id": 10
        },
        {
            "name": "AWS",
            "date_debut": "2025-02-19",
            "date_fin": "2025-04-27",
            "image": "cloud.jpg",
            "status": "inactive",
            "etat": "terminee",
            "apprenants": [],
            "id": 11
        },
        {
            "name": "Abdoulaye",
            "date_debut": "2025-04-11",
            "date_fin": "2025-04-23",
            "image": "cloud.jpg",
            "status": "inactive",
            "etat": "terminee",
            "apprenants": [],
            "id": 12
        },
        {
            "name": "Abdoulaye Diallo",
            "date_debut": "2025-04-20",
            "date_fin": "2025-04-23",
            "image": "cloud.jpg",
            "status": "inactive",
            "etat": "terminee",
            "apprenants": [],
            "id": 13,
            "referentiels": [
                "1",
                "680551196d5ac",
                "4"
            ]
        },
        {
            "name": "promotion 2027",
            "date_debut": "2025-04-04",
            "date_fin": "2025-04-30",
            "image": "cloud.jpg",
            "status": "inactive",
            "etat": "terminee",
            "apprenants": [],
            "id": 14
        },
        {
            "name": "Promo 2028",
            "date_debut": "2025-04-01",
            "date_fin": "2025-04-26",
            "image": "6805ad4f54c6f.png",
            "status": "inactive",
            "etat": "terminee",
            "apprenants": [],
            "id": 15
        },
        {
            "name": "promotion 2039",
            "date_debut": "2025-04-22",
            "date_fin": "2025-04-24",
            "image": "68070a429ed86.png",
            "status": "inactive",
            "etat": "terminee",
            "apprenants": [],
            "id": 16,
            "referentiels": [
                "1"
            ]
        },
        {
            "name": "promotion 2004",
            "date_debut": "2025-04-22",
            "date_fin": "2025-04-30",
            "image": "6807adbc95882.png",
            "status": "inactive",
            "etat": "terminee",
            "apprenants": [],
            "id": 17,
            "referentiels": [
                "4",
                "680551196d5ac"
            ]
        },
        {
            "name": "promo 2004",
            "date_debut": "2025-04-22",
            "date_fin": "2025-04-23",
            "image": "6807afcb5af58.png",
            "status": "inactive",
            "etat": "terminee",
            "apprenants": [],
            "id": 18,
            "referentiels": [
                "1"
            ]
        },
        {
            "name": "promo 7",
            "date_debut": "2025-04-23",
            "date_fin": "2025-04-24",
            "image": "6808aab2542a7.png",
            "status": "active",
            "etat": "en_cours",
            "apprenants": [
                {
                    "id": "680e6ac319921",
                    "name": "Awa Sow"
                },
                {
                    "id": "680e92834afc8",
                    "name": "Ndiaye Fatou"
                },
                {
                    "id": "680e92834b87e",
                    "name": "Ba Ibrahima"
                },
                {
                    "id": "680f61e1aff44",
                    "name": "Fall Moussa"
                },
                {
                    "id": "680f61e1b0640",
                    "name": "Camara Astou"
                },
                {
                    "id": "680fa24353e6b",
                    "name": "Ndiaye Mapathe"
                },
                {
                    "id": "680fb36ac33a0",
                    "name": "Cohen Jacques"
                },
                {
                    "id": "680fb36ac3880",
                    "name": "Navarro H\u00e9l\u00e8ne"
                },
                {
                    "id": "680fb36ac3d73",
                    "name": "Salmon Louise"
                },
                {
                    "id": "680fb36ac3fe3",
                    "name": "Pierre Constance"
                },
                {
                    "id": "680fb36ac4260",
                    "name": "Hoarau Michelle"
                },
                {
                    "id": "680fb36ac449c",
                    "name": "Hamon Tristan"
                },
                {
                    "id": "680fb36ac46ce",
                    "name": "Royer G\u00e9rard"
                },
                {
                    "id": "680fb36ac48d1",
                    "name": "\u00c9tienne Yves"
                },
                {
                    "id": "680fb36ac4ac2",
                    "name": "Baron Margaux"
                },
                {
                    "id": "680fb36ac4ca3",
                    "name": "Picard Ad\u00e8le"
                },
                {
                    "id": "680fb48811f97",
                    "name": "Uchiwa Bachir"
                },
                {
                    "id": "680fb9e40ebcc",
                    "name": "Ndiaye Charia"
                },
                {
                    "id": "680fc03b0fe66",
                    "name": "Diame Bachir"
                },
                {
                    "id": "680fc10e411e7",
                    "name": "Diallo Alassane"
                },
                {
                    "id": "680fc1c333446",
                    "name": "blablabla blablabla"
                },
                {
                    "id": "680fd4d6254db",
                    "name": "bah Zeynab"
                },
                {
                    "id": "680fe73f4e187",
                    "name": "Marra Ousmane"
                },
                {
                    "id": "680fea155338c",
                    "name": "adzz zee"
                },
                {
                    "id": "6810959f99037",
                    "name": "Mountakaha Baye leyti"
                },
                {
                    "id": "6810ac92707f6",
                    "name": "narcisse miss algo"
                },
                {
                    "id": "6810ad597c568",
                    "name": "a a"
                },
                {
                    "id": "6810ae1883930",
                    "name": "A a"
                },
                {
                    "id": "6810edac07596",
                    "name": "Doe John"
                },
                {
                    "id": "6810edac07bf9",
                    "name": "Smith Jane"
                },
                {
                    "id": "6810f0ef80e14",
                    "name": "Nom1 Prenom1"
                },
                {
                    "id": "6810f0ef81732",
                    "name": "Nom4 Prenom4"
                },
                {
                    "id": "6810f0ef81edf",
                    "name": "Nom7 Prenom7"
                },
                {
                    "id": "6810f0ef8278d",
                    "name": "Nom10 Prenom10"
                },
                {
                    "id": "6810f0ef83151",
                    "name": "Nom13 Prenom13"
                },
                {
                    "id": "6810f0ef83e2f",
                    "name": "Nom16 Prenom16"
                },
                {
                    "id": "6810f0ef84a5d",
                    "name": "Nom19 Prenom19"
                },
                {
                    "id": "6813680a65cc9",
                    "name": "A A"
                },
                {
                    "id": "681416f6033b1",
                    "name": "ndiaye mapathe"
                },
                {
                    "id": "6814219999c39",
                    "name": "Nom1 Prenom1"
                },
                {
                    "id": "681421ecb5729",
                    "name": "Nom2 Prenom2"
                },
                {
                    "id": "68142228c3f6a",
                    "name": "Nom4 Prenom4"
                },
                {
                    "id": "681668d444f82",
                    "name": "ndiaye mapathe"
                },
                {
                    "id": "68166aa78988e",
                    "name": "ndiaye mapathe"
                }
            ],
            "id": 19,
            "referentiels": [
                "4",
                "2"
            ]
        },
        {
            "name": "Promo wann",
            "date_debut": "2024-05-12",
            "date_fin": "2024-06-14",
            "image": "6808bf3551d7c.png",
            "status": "inactive",
            "etat": "terminee",
            "apprenants": [],
            "id": 20
        },
        {
            "name": "Promotion alassane",
            "date_debut": "2024-05-12",
            "date_fin": "2024-06-14",
            "image": "6808c146a5cef.png",
            "status": "inactive",
            "etat": "terminee",
            "apprenants": [],
            "id": 21,
            "referentiels": [
                "68083304e5616"
            ]
        },
        {
            "name": "promotion 2016",
            "date_debut": "2024-05-12",
            "date_fin": "2024-06-14",
            "image": "6809100a95bb5.png",
            "status": "inactive",
            "etat": "terminee",
            "apprenants": [],
            "id": 22
        },
        {
            "name": "cccccc",
            "date_debut": "2024-05-12",
            "date_fin": "2028-06-14",
            "image": "6809176213fbc.png",
            "status": "inactive",
            "etat": "terminee",
            "apprenants": [],
            "id": 23
        },
        {
            "name": "ljnkjcnkjnkje",
            "date_debut": "2020-01-15",
            "date_fin": "2027-01-12",
            "image": "promotions\/680a2d70a3408_Capture_d_____cran_du_2025-04-09_21-17-46.png",
            "apprenants": [],
            "id": 24,
            "status": "inactive",
            "etat": "terminee"
        },
        {
            "name": "projet odc",
            "date_debut": "2020-01-15",
            "date_fin": "2027-01-12",
            "image": "promotions\/680a338ca8c53_Capture_d_____cran_du_2025-03-04_11-15-56.png",
            "apprenants": [],
            "id": 25,
            "status": "inactive",
            "etat": "terminee"
        },
        {
            "name": "projet odc1",
            "date_debut": "2020-01-15",
            "date_fin": "2027-01-12",
            "image": "assets\/images\/uploads\/promotions\/cloud.jpg",
            "status": "inactive",
            "etat": "terminee",
            "apprenants": [],
            "id": 26
        },
        {
            "name": "projet odcZZZ",
            "date_debut": "2020-01-15",
            "date_fin": "2027-01-12",
            "image": "assets\/images\/uploads\/promotions\/680a407f01601.png",
            "status": "inactive",
            "etat": "terminee",
            "apprenants": [],
            "id": 27
        },
        {
            "name": "jvAbdoulaye Diallo",
            "date_debut": "2020-01-15",
            "date_fin": "2027-01-12",
            "image": "6807adbc95882.png",
            "status": "inactive",
            "etat": "terminee",
            "apprenants": [],
            "id": 28
        },
        {
            "name": "Abdoulaye Dialloqcazc",
            "date_debut": "2020-01-15",
            "date_fin": "2027-01-12",
            "image": "assets\/images\/uploads\/promotions\/680a603d07fb8.png",
            "status": "inactive",
            "etat": "terminee",
            "apprenants": [],
            "id": 29
        },
        {
            "name": "Abdoulaye Dialloss",
            "date_debut": "2020-01-15",
            "date_fin": "2027-01-12",
            "image": "public\/assets\/images\/uploads\/promotions\/680a64a8c5043_photo.png",
            "status": "inactive",
            "etat": "terminee",
            "apprenants": [],
            "id": 30
        },
        {
            "name": "Abdoulaye Diallohbbyb",
            "date_debut": "2020-01-15",
            "date_fin": "2027-01-12",
            "image": "public\/assets\/images\/uploads\/promotions\/680a6b1718e7a_photo.png",
            "status": "inactive",
            "etat": "terminee",
            "apprenants": [],
            "id": 31
        },
        {
            "name": "Cherif aidara",
            "date_debut": "2020-01-15",
            "date_fin": "2027-01-12",
            "image": "assets\/images\/uploads\/promotions\/680a7674587b6_Capture_d_____cran_du_2025-04-04_15-55-53.png",
            "status": "inactive",
            "etat": "terminee",
            "apprenants": [],
            "id": 32
        },
        {
            "name": "Promo rama",
            "date_debut": "2001-09-15",
            "date_fin": "2025-12-31",
            "image": "assets\/images\/uploads\/promotions\/681376e8a202d_Capture_d_____cran_du_2025-04-15_10-48-18.png",
            "status": "inactive",
            "apprenants": [],
            "id": 33
        }
    ],
    "referentiels": [
        {
            "id": "1",
            "name": "Cybers\u00e9curit\u00e9",
            "description": "Formation d\u00e9veloppement web",
            "image": "assets\/images\/1.jpeg",
            "modules": []
        },
        {
            "id": 2,
            "name": "R\u00e9f\u00e9rentiel Data",
            "description": "Science des donn\u00e9es et IA",
            "image": "assets\/images\/2.jpeg",
            "status": "active"
        },
        {
            "id": 3,
            "name": "R\u00e9f\u00e9rentiel DevOps",
            "description": "Administration syst\u00e8me et d\u00e9ploiement",
            "image": "assets\/images\/3.jpeg",
            "status": "active"
        },
        {
            "id": 4,
            "name": "R\u00e9f\u00e9rentiel Mobile",
            "description": "D\u00e9veloppement d'applications mobiles",
            "image": "assets\/images\/4.jpeg",
            "status": "active"
        },
        {
            "id": "680551196d5ac",
            "name": "Referent digital",
            "description": "la science ",
            "image": "assets\/images\/5.jpeg",
            "capacite": 30,
            "sessions": 10,
            "modules": []
        },
        {
            "name": "ref dig ",
            "description": "zzeezzzz",
            "capacite": "22",
            "sessions": "2",
            "image": "assets\/images\/6808160a817cc.png",
            "modules": [],
            "id": "6808160a818a7"
        },
        {
            "name": "Hackeuse",
            "description": "assistantes referent digital",
            "capacite": "32",
            "sessions": "4",
            "image": "assets\/images\/68083179eccf3.png",
            "modules": [],
            "id": "68083179ecdb2"
        },
        {
            "id": "68083304e5616",
            "name": "AWS",
            "description": "cloud",
            "capacite": 44,
            "sessions": 4,
            "image": "assets\/images\/referentiels\/68083304e5571.png",
            "modules": []
        },
        {
            "id": "6808c899c1603",
            "name": "ref dig",
            "description": "hdsre",
            "capacite": 22,
            "sessions": 2,
            "image": "assets\/images\/referentiels\/6808c899c151d.png",
            "modules": []
        },
        {
            "id": "6808cafecc44e",
            "name": "referentiel mapathe ndiaye",
            "description": "description",
            "capacite": 32,
            "sessions": 4,
            "image": "assets\/images\/referentiels\/6808cafecc385.png",
            "modules": []
        },
        {
            "id": "680912e866ecb",
            "name": "ref dig 1",
            "description": "zjhciyhhzfiucehiuh",
            "capacite": 22,
            "sessions": 4,
            "image": "assets\/images\/referentiels\/680912e866dfb.png",
            "modules": []
        },
        {
            "id": "680913c10703f",
            "name": "ref dig 3",
            "description": "hgcyctrftr",
            "capacite": 23,
            "sessions": 4,
            "image": "assets\/images\/referentiels\/680913c106e9e.png",
            "modules": []
        },
        {
            "id": "680917d6bae6a",
            "name": "dddd",
            "description": "ddd",
            "capacite": 23,
            "sessions": 1,
            "image": "assets\/images\/referentiels\/680917d6bad82.png",
            "modules": []
        },
        {
            "id": "680a33daac147",
            "name": "Abdoulaye Diallo",
            "description": "hffctcgfc",
            "capacite": 21,
            "sessions": 1,
            "image": "assets\/images\/referentiels\/680a33daac05c.png",
            "modules": []
        },
        {
            "id": "680bcd1e9a7e0",
            "name": "ref123",
            "description": "refentiel 12345",
            "capacite": 32,
            "sessions": 4,
            "image": "assets\/images\/referentiels\/680bcd1e9a6bf.png",
            "modules": []
        }
    ],
    "apprenants": [
        {
            "id": "1",
            "matricule": "1058215",
            "nom": "Seydina Mouhammad",
            "prenom": "Diop",
            "photo": "assets\/images\/apprenants\/apprenant1.jpg",
            "adresse": "Sicap Libert\u00e9 6 villa 6059 Dakar, S\u00e9n\u00e9gal",
            "telephone": "785993546",
            "email": "seydina.diop@example.com",
            "date_naissance": "1995-05-15",
            "lieu_naissance": "Dakar",
            "promotion_id": "19",
            "referentiel_id": "1",
            "statut": "actif",
            "date_inscription": "2024-01-15"
        },
        {
            "id": "2",
            "matricule": "1058216",
            "nom": "Mamadou",
            "prenom": "Oueye",
            "photo": "assets\/images\/apprenants\/apprenant2.jpg",
            "adresse": "Keur Mbaye Fall Dakar, S\u00e9n\u00e9gal",
            "telephone": "783116655",
            "email": "mamadou.oueye@example.com",
            "date_naissance": "1996-08-20",
            "lieu_naissance": "Dakar",
            "promotion_id": "19",
            "referentiel_id": "1",
            "statut": "actif",
            "date_inscription": "2024-01-15"
        },
        {
            "id": "3",
            "matricule": "1058217",
            "nom": "Nd\u00e8ye",
            "prenom": "Lo",
            "photo": "assets\/images\/apprenants\/apprenant3.jpg",
            "adresse": "Sicap Derkle Dakar, S\u00e9n\u00e9gal",
            "telephone": "784559930",
            "email": "ndeye.lo@example.com",
            "date_naissance": "1997-03-10",
            "lieu_naissance": "Kaolack",
            "promotion_id": "19",
            "referentiel_id": "2",
            "statut": "actif",
            "date_inscription": "2024-01-16"
        },
        {
            "id": "4",
            "matricule": "1058218",
            "nom": "Seydina Mouhammad",
            "prenom": "Diop",
            "photo": "assets\/images\/apprenants\/apprenant1.jpg",
            "adresse": "Sicap Libert\u00e9 6 villa 6059 Dakar, S\u00e9n\u00e9gal",
            "telephone": "785993546",
            "email": "seydina.diop2@example.com",
            "date_naissance": "1994-07-22",
            "lieu_naissance": "Dakar",
            "promotion_id": "19",
            "referentiel_id": "68083304e5616",
            "statut": "actif",
            "date_inscription": "2024-01-17"
        },
        {
            "id": "5",
            "matricule": "1058219",
            "nom": "Seydina Mouhammad",
            "prenom": "Diop",
            "photo": "assets\/images\/apprenants\/apprenant1.jpg",
            "adresse": "Sicap Libert\u00e9 6 villa 6059 Dakar, S\u00e9n\u00e9gal",
            "telephone": "785993546",
            "email": "seydina.diop3@example.com",
            "date_naissance": "1993-09-12",
            "lieu_naissance": "Dakar",
            "promotion_id": "19",
            "referentiel_id": "1",
            "statut": "actif",
            "date_inscription": "2024-01-18"
        },
        {
            "id": "6",
            "matricule": "1058220",
            "nom": "Seydina Mouhammad",
            "prenom": "Diop",
            "photo": "assets\/images\/apprenants\/apprenant1.jpg",
            "adresse": "Sicap Libert\u00e9 6 villa 6059 Dakar, S\u00e9n\u00e9gal",
            "telephone": "785993546",
            "email": "seydina.diop4@example.com",
            "date_naissance": "1996-11-26",
            "lieu_naissance": "Dakar",
            "promotion_id": "19",
            "referentiel_id": "1",
            "statut": "remplac\u00e9",
            "date_inscription": "2024-01-19"
        },
        {
            "id": "7",
            "matricule": "1058221",
            "nom": "Seydina Mouhammad",
            "prenom": "Diop",
            "photo": "assets\/images\/apprenants\/apprenant1.jpg",
            "adresse": "Sicap Libert\u00e9 6 villa 6059 Dakar, S\u00e9n\u00e9gal",
            "telephone": "785993546",
            "email": "seydina.diop5@example.com",
            "date_naissance": "1997-01-05",
            "lieu_naissance": "Dakar",
            "promotion_id": "19",
            "referentiel_id": "68083179ecdb2",
            "statut": "actif",
            "date_inscription": "2024-01-20"
        },
        {
            "id": "8",
            "matricule": "1058222",
            "nom": "Seydina Mouhammad",
            "prenom": "Diop",
            "photo": "assets\/images\/apprenants\/apprenant1.jpg",
            "adresse": "Sicap Libert\u00e9 6 villa 6059 Dakar, S\u00e9n\u00e9gal",
            "telephone": "785993546",
            "email": "seydina.diop6@example.com",
            "date_naissance": "1995-12-14",
            "lieu_naissance": "Dakar",
            "promotion_id": "19",
            "referentiel_id": "1",
            "statut": "actif",
            "date_inscription": "2024-01-21"
        },
        {
            "id": "9",
            "matricule": "1058223",
            "nom": "Seydina Mouhammad",
            "prenom": "Diop",
            "photo": "assets\/images\/apprenants\/apprenant1.jpg",
            "adresse": "Sicap Libert\u00e9 6 villa 6059 Dakar, S\u00e9n\u00e9gal",
            "telephone": "785993546",
            "email": "seydina.diop7@example.com",
            "date_naissance": "1993-03-30",
            "lieu_naissance": "Dakar",
            "promotion_id": "19",
            "referentiel_id": "1",
            "statut": "actif",
            "date_inscription": "2024-01-22"
        },
        {
            "id": "10",
            "matricule": "1058224",
            "nom": "Ousseynou",
            "prenom": "Diediou",
            "photo": "assets\/images\/apprenants\/apprenant4.jpg",
            "adresse": "Sicap Libert\u00e9 6 villa 6059 Dakar, S\u00e9n\u00e9gal",
            "telephone": "785993546",
            "email": "ousseynou.diediou@example.com",
            "date_naissance": "1994-02-18",
            "lieu_naissance": "Dakar",
            "promotion_id": "19",
            "referentiel_id": "1",
            "statut": "actif",
            "date_inscription": "2024-01-23"
        },
        {
            "id": "680e6ac319921",
            "matricule": "1058225",
            "nom": "Awa",
            "prenom": "Sow",
            "email": "awa.sow@example.com",
            "telephone": "776543210",
            "adresse": "Point E Dakar, S\u00e9n\u00e9gal",
            "date_naissance": "1995-05-10",
            "lieu_naissance": "Thi\u00e8s",
            "promotion_id": 19,
            "referentiel_id": "1",
            "statut": "actif",
            "date_inscription": "2025-04-27",
            "photo": "assets\/images\/apprenants\/default.jpg"
        },
        {
            "id": "680e92834afc8",
            "matricule": "1058226",
            "nom": "Ndiaye",
            "prenom": "Fatou",
            "email": "fatou.ndiaye@example.com",
            "telephone": "776556700",
            "adresse": "Pikine, S\u00e9n\u00e9gal",
            "date_naissance": "1997-07-18",
            "lieu_naissance": "Pikine",
            "promotion_id": 19,
            "referentiel_id": "2",
            "statut": "actif",
            "date_inscription": "2025-04-27",
            "photo": "assets\/images\/apprenants\/default.jpg"
        },
        {
            "id": "680e92834b87e",
            "matricule": "1058227",
            "nom": "Ba",
            "prenom": "Ibrahima",
            "email": "ibrahima.ba@example.com",
            "telephone": "775443221",
            "adresse": "Parcelles Assainies, Dakar, S\u00e9n\u00e9gal",
            "date_naissance": "1998-06-23",
            "lieu_naissance": "Dakar",
            "promotion_id": 19,
            "referentiel_id": "2",
            "statut": "actif",
            "date_inscription": "2025-04-27",
            "photo": "assets\/images\/apprenants\/default.jpg"
        },
        {
            "id": "680f61e1aff44",
            "matricule": "1058228",
            "nom": "Fall",
            "prenom": "Moussa",
            "email": "moussa.fall@example.com",
            "telephone": "770123456",
            "adresse": "Yoff, Dakar, S\u00e9n\u00e9gal",
            "date_naissance": "1992-08-15",
            "lieu_naissance": "Yoff",
            "promotion_id": 19,
            "referentiel_id": "2",
            "statut": "actif",
            "date_inscription": "2025-04-28",
            "photo": "assets\/images\/apprenants\/default.jpg"
        },
        {
            "id": "680f61e1b0640",
            "matricule": "1058229",
            "nom": "Camara",
            "prenom": "Astou",
            "email": "astou.camara@example.com",
            "telephone": "773456789",
            "adresse": "Medina, Dakar, S\u00e9n\u00e9gal",
            "date_naissance": "1994-05-18",
            "lieu_naissance": "Medina",
            "promotion_id": 19,
            "referentiel_id": "2",
            "statut": "actif",
            "date_inscription": "2025-04-28",
            "photo": "assets\/images\/apprenants\/default.jpg"
        },
        {
            "id": "680fa24353e6b",
            "matricule": "1058230",
            "nom": "Ndiaye",
            "prenom": "Mapathe",
            "photo": "assets\/images\/apprenants\/default.jpg",
            "adresse": "gueule tapee",
            "telephone": "782230943",
            "email": "mapathxbqkendiaye542@gamil.com",
            "date_naissance": "15\/05\/1996",
            "lieu_naissance": "Dakar",
            "promotion_id": 19,
            "referentiel_id": "2",
            "statut": "actif",
            "date_inscription": "2025-04-28"
        },
        {
            "id": "680fb36ac33a0",
            "matricule": "1058231",
            "nom": "Cohen",
            "prenom": "Jacques",
            "email": "vgeorges@vallet.com",
            "telephone": "+33(0)173897018",
            "adresse": "37, rue Jacques, 47535 Sainte Christophe-les-Bains",
            "date_naissance": "2006-03-25",
            "lieu_naissance": "Saint Suzanne",
            "promotion_id": 19,
            "referentiel_id": "4",
            "statut": "actif",
            "date_inscription": "2025-04-28",
            "photo": "assets\/images\/apprenants\/default.jpg"
        },
        {
            "id": "680fb36ac3880",
            "matricule": "1058232",
            "nom": "Navarro",
            "prenom": "H\u00e9l\u00e8ne",
            "email": "ugerard@hebert.com",
            "telephone": "+33(0)545320436",
            "adresse": "45, avenue Lebon, 79397 Vincentboeuf",
            "date_naissance": "1999-06-14",
            "lieu_naissance": "Saint Anouknec",
            "promotion_id": 19,
            "referentiel_id": "4",
            "statut": "actif",
            "date_inscription": "2025-04-28",
            "photo": "assets\/images\/apprenants\/default.jpg"
        },
        {
            "id": "680fb36ac3d73",
            "matricule": "1058233",
            "nom": "Salmon",
            "prenom": "Louise",
            "email": "frederic11@live.com",
            "telephone": "0808698504",
            "adresse": "4, avenue de Roux, 88995 Saint Yves",
            "date_naissance": "1995-07-13",
            "lieu_naissance": "Carpentier-les-Bains",
            "promotion_id": 19,
            "referentiel_id": "4",
            "statut": "actif",
            "date_inscription": "2025-04-28",
            "photo": "assets\/images\/apprenants\/default.jpg"
        },
        {
            "id": "680fb36ac3fe3",
            "matricule": "1058234",
            "nom": "Pierre",
            "prenom": "Constance",
            "email": "nleconte@leclerc.com",
            "telephone": "+33697209065",
            "adresse": "rue De Oliveira, 65698 Morin",
            "date_naissance": "2002-08-22",
            "lieu_naissance": "Petitjean-sur-Muller",
            "promotion_id": 19,
            "referentiel_id": "2",
            "statut": "actif",
            "date_inscription": "2025-04-28",
            "photo": "assets\/images\/apprenants\/default.jpg"
        },
        {
            "id": "680fb36ac4260",
            "matricule": "1058235",
            "nom": "Hoarau",
            "prenom": "Michelle",
            "email": "le-rouxamelie@tiscali.fr",
            "telephone": "0493594926",
            "adresse": "884, rue Garcia, 01189 Saint JosetteBourg",
            "date_naissance": "1999-12-27",
            "lieu_naissance": "Adam",
            "promotion_id": 19,
            "referentiel_id": "4",
            "statut": "actif",
            "date_inscription": "2025-04-28",
            "photo": "assets\/images\/apprenants\/default.jpg"
        },
        {
            "id": "680fb36ac449c",
            "matricule": "1058236",
            "nom": "Hamon",
            "prenom": "Tristan",
            "email": "anouk68@noos.fr",
            "telephone": "0435110177",
            "adresse": "762, chemin de Chauvet, 68993 DidierVille",
            "date_naissance": "1998-12-18",
            "lieu_naissance": "Cordier",
            "promotion_id": 19,
            "referentiel_id": "2",
            "statut": "actif",
            "date_inscription": "2025-04-28",
            "photo": "assets\/images\/apprenants\/default.jpg"
        },
        {
            "id": "680fb36ac46ce",
            "matricule": "1058237",
            "nom": "Royer",
            "prenom": "G\u00e9rard",
            "email": "georgesdupuis@bouygtel.fr",
            "telephone": "0806268738",
            "adresse": "40, chemin Verdier, 49860 Lebrun-sur-Mer",
            "date_naissance": "1998-09-17",
            "lieu_naissance": "Devaux",
            "promotion_id": 19,
            "referentiel_id": "4",
            "statut": "actif",
            "date_inscription": "2025-04-28",
            "photo": "assets\/images\/apprenants\/default.jpg"
        },
        {
            "id": "680fb36ac48d1",
            "matricule": "1058238",
            "nom": "\u00c9tienne",
            "prenom": "Yves",
            "email": "francoise99@pages.net",
            "telephone": "+33486070166",
            "adresse": "33, chemin Valentine Le Roux, 17337 Payet-la-For\u00eat",
            "date_naissance": "2002-09-04",
            "lieu_naissance": "Leroy-sur-Ferrand",
            "promotion_id": 19,
            "referentiel_id": "2",
            "statut": "actif",
            "date_inscription": "2025-04-28",
            "photo": "assets\/images\/apprenants\/default.jpg"
        },
        {
            "id": "680fb36ac4ac2",
            "matricule": "1058239",
            "nom": "Baron",
            "prenom": "Margaux",
            "email": "celineperret@sfr.fr",
            "telephone": "0368079926",
            "adresse": "57, chemin Gabrielle Berthelot, 93089 Potier",
            "date_naissance": "1997-05-01",
            "lieu_naissance": "Cousindan",
            "promotion_id": 19,
            "referentiel_id": "4",
            "statut": "actif",
            "date_inscription": "2025-04-28",
            "photo": "assets\/images\/apprenants\/default.jpg"
        },
        {
            "id": "680fb36ac4ca3",
            "matricule": "1058240",
            "nom": "Picard",
            "prenom": "Ad\u00e8le",
            "email": "andreebodin@live.com",
            "telephone": "+33455809632",
            "adresse": "56, rue de Gaillard, 40774 Godard",
            "date_naissance": "2005-08-23",
            "lieu_naissance": "Vall\u00e9e-sur-Rey",
            "promotion_id": 19,
            "referentiel_id": "4",
            "statut": "actif",
            "date_inscription": "2025-04-28",
            "photo": "assets\/images\/apprenants\/default.jpg"
        },
        {
            "id": "680fb48811f97",
            "matricule": "1058241",
            "nom": "Uchiwa",
            "prenom": "Bachir",
            "photo": "assets\/images\/apprenants\/default.jpg",
            "adresse": "rufisque",
            "telephone": "752202532",
            "email": "bachir@gmail.com",
            "date_naissance": "06\/08\/2001",
            "lieu_naissance": "Dakar",
            "promotion_id": 19,
            "referentiel_id": "4",
            "statut": "actif",
            "date_inscription": "2025-04-28"
        },
        {
            "id": "680fc10e411e7",
            "matricule": "1058243",
            "nom": "Diallo",
            "prenom": "Alassane",
            "photo": "assets\/images\/apprenants\/default.jpg",
            "adresse": "Ucad",
            "telephone": "776543212",
            "email": "asdousseynou66@gmail.com",
            "date_naissance": "27\/05\/2001",
            "lieu_naissance": "Dakar",
            "promotion_id": 19,
            "referentiel_id": "4",
            "statut": "actif",
            "date_inscription": "2025-04-28"
        },
        {
            "id": "680fc1c333446",
            "matricule": "1058244",
            "nom": "blablabla",
            "prenom": "blablabla",
            "photo": "assets\/images\/apprenants\/default.jpg",
            "adresse": "blablabla",
            "telephone": "772202532",
            "email": "pabassdiame76@gmail.com",
            "date_naissance": "15\/05\/1996",
            "lieu_naissance": "blablabla",
            "promotion_id": 19,
            "referentiel_id": "2",
            "statut": "actif",
            "date_inscription": "2025-04-28"
        },
        {
            "id": "680fd4d6254db",
            "matricule": "1058245",
            "nom": "bah",
            "prenom": "Zeynab",
            "photo": "assets\/images\/apprenants\/default.jpg",
            "adresse": "Dakar",
            "telephone": "773452321",
            "email": "Zeynabba45@gmail.com",
            "date_naissance": "15\/05\/1996",
            "lieu_naissance": "Dakar",
            "promotion_id": 19,
            "referentiel_id": "4",
            "statut": "actif",
            "date_inscription": "2025-04-28"
        },
        {
            "id": "680fe73f4e187",
            "matricule": "1058246",
            "nom": "Marra",
            "prenom": "Ousmane",
            "photo": "assets\/images\/apprenants\/default.jpg",
            "adresse": "rufisque",
            "telephone": "782344324",
            "email": "boxtvndiaye@gmail.com",
            "date_naissance": "15\/05\/1996",
            "lieu_naissance": "ohio",
            "promotion_id": 19,
            "referentiel_id": "2",
            "statut": "actif",
            "date_inscription": "2025-04-28"
        },
        {
            "id": "680fea155338c",
            "matricule": "1058247",
            "nom": "adzz",
            "prenom": "zee",
            "photo": "assets\/images\/uploads\/apprenants\/680fea1552c7c_WhatsApp_Image_2025-04-21_at_8.16.07_PM_1_.jpeg",
            "adresse": "zefz",
            "telephone": "761563223",
            "email": "mammam@gmail.com",
            "date_naissance": "15\/05\/1996",
            "lieu_naissance": "z\"z",
            "promotion_id": 19,
            "referentiel_id": "2",
            "statut": "actif",
            "date_inscription": "2025-04-28"
        },
        {
            "id": "6810959f99037",
            "matricule": "1058248",
            "nom": "Mountakaha",
            "prenom": "Baye leyti",
            "photo": "assets\/images\/uploads\/apprenants\/6810959f98cf2_WhatsApp_Image_2025-04-21_at_8.16.07_PM_2_.jpeg",
            "adresse": "gueule tapee",
            "telephone": "765432209",
            "email": "seneleyty113@gmail.com",
            "date_naissance": "15\/05\/1996",
            "lieu_naissance": "Touba",
            "promotion_id": 19,
            "referentiel_id": "2",
            "statut": "actif",
            "date_inscription": "2025-04-29"
        },
        {
            "id": "6810ac92707f6",
            "matricule": "1058249",
            "nom": "narcisse",
            "prenom": "miss algo",
            "photo": "assets\/images\/uploads\/apprenants\/6810ac92704dc_WhatsApp_Image_2025-04-21_at_8.16.07_PM_1_.jpeg",
            "adresse": "Dakar",
            "telephone": "777777777",
            "email": "nndeyendiaye85@gmail.com",
            "date_naissance": "15\/05\/1996",
            "lieu_naissance": "Dakar",
            "promotion_id": 19,
            "referentiel_id": "2",
            "statut": "actif",
            "date_inscription": "2025-04-29"
        },
        {
            "id": "6810ad597c568",
            "matricule": "1058250",
            "nom": "a",
            "prenom": "a",
            "photo": "assets\/images\/uploads\/apprenants\/6810ad597c2ac_WhatsApp_Image_2025-04-21_at_8.16.07_PM.jpeg",
            "adresse": "A",
            "telephone": "772202532",
            "email": "n.ndiaye4@isepdiamnadio.edu.sn",
            "date_naissance": "15\/05\/1996",
            "lieu_naissance": "A",
            "promotion_id": 19,
            "referentiel_id": "2",
            "statut": "actif",
            "date_inscription": "2025-04-29"
        },
        {
            "id": "6810ae1883930",
            "matricule": "1058251",
            "nom": "A",
            "prenom": "a",
            "photo": "assets\/images\/uploads\/apprenants\/6810ae188368f_WhatsApp_Image_2025-04-21_at_8.16.07_PM_3_.jpeg",
            "adresse": "A",
            "telephone": "765432209",
            "email": "n.ndiaye4@isepdiamniadio.edu.sn",
            "date_naissance": "15\/05\/1996",
            "lieu_naissance": "Dakar",
            "promotion_id": 19,
            "referentiel_id": "2",
            "statut": "actif",
            "date_inscription": "2025-04-29"
        },
        {
            "id": "6810edac07596",
            "matricule": "1058252",
            "nom": "Doe",
            "prenom": "John",
            "email": "john.doe@example.com",
            "telephone": "771234567",
            "adresse": "Dakar, Senegal",
            "date_naissance": "1995-05-15",
            "lieu_naissance": "Dakar",
            "promotion_id": 19,
            "referentiel_id": "2",
            "statut": "actif",
            "date_inscription": "2025-04-29",
            "photo": "assets\/images\/apprenants\/default.jpg"
        },
        {
            "id": "6810edac07bf9",
            "matricule": "1058253",
            "nom": "Smith",
            "prenom": "Jane",
            "email": "jane.smith@example.com",
            "telephone": "772345678",
            "adresse": "Thies, Senegal",
            "date_naissance": "1997-08-22",
            "lieu_naissance": "Thies",
            "promotion_id": 19,
            "referentiel_id": "2",
            "statut": "actif",
            "date_inscription": "2025-04-29",
            "photo": "assets\/images\/apprenants\/default.jpg"
        },
        {
            "id": "6810f0ef80e14",
            "matricule": "1058254",
            "nom": "Nom1",
            "prenom": "Prenom1",
            "email": "apprenant1@example.com",
            "telephone": "770000001",
            "adresse": "Adresse 1 Dakar, S\u00e9n\u00e9gal",
            "date_naissance": "1991-01-02",
            "lieu_naissance": "Dakar",
            "promotion_id": 19,
            "referentiel_id": "2",
            "statut": "actif",
            "date_inscription": "2025-04-29",
            "photo": "assets\/images\/apprenants\/default.jpg"
        },
        {
            "id": "6810f0ef81732",
            "matricule": "1058255",
            "nom": "Nom4",
            "prenom": "Prenom4",
            "email": "apprenant4@example.com",
            "telephone": "770000004",
            "adresse": "Adresse 4 Dakar, S\u00e9n\u00e9gal",
            "date_naissance": "1994-01-05",
            "lieu_naissance": "Dakar",
            "promotion_id": 19,
            "referentiel_id": "2",
            "statut": "actif",
            "date_inscription": "2025-04-29",
            "photo": "assets\/images\/apprenants\/default.jpg"
        },
        {
            "id": "6810f0ef81edf",
            "matricule": "1058256",
            "nom": "Nom7",
            "prenom": "Prenom7",
            "email": "apprenant7@example.com",
            "telephone": "770000007",
            "adresse": "Adresse 7 Dakar, S\u00e9n\u00e9gal",
            "date_naissance": "1997-01-08",
            "lieu_naissance": "Dakar",
            "promotion_id": 19,
            "referentiel_id": "2",
            "statut": "actif",
            "date_inscription": "2025-04-29",
            "photo": "assets\/images\/apprenants\/default.jpg"
        },
        {
            "id": "6810f0ef8278d",
            "matricule": "1058257",
            "nom": "Nom10",
            "prenom": "Prenom10",
            "email": "apprenant10@example.com",
            "telephone": "770000010",
            "adresse": "Adresse 10 Dakar, S\u00e9n\u00e9gal",
            "date_naissance": "1990-01-11",
            "lieu_naissance": "Dakar",
            "promotion_id": 19,
            "referentiel_id": "2",
            "statut": "actif",
            "date_inscription": "2025-04-29",
            "photo": "assets\/images\/apprenants\/default.jpg"
        },
        {
            "id": "6810f0ef83151",
            "matricule": "1058258",
            "nom": "Nom13",
            "prenom": "Prenom13",
            "email": "apprenant13@example.com",
            "telephone": "770000013",
            "adresse": "Adresse 13 Dakar, S\u00e9n\u00e9gal",
            "date_naissance": "1993-01-14",
            "lieu_naissance": "Dakar",
            "promotion_id": 19,
            "referentiel_id": "2",
            "statut": "actif",
            "date_inscription": "2025-04-29",
            "photo": "assets\/images\/apprenants\/default.jpg"
        },
        {
            "id": "6810f0ef83e2f",
            "matricule": "1058259",
            "nom": "Nom16",
            "prenom": "Prenom16",
            "email": "apprenant16@example.com",
            "telephone": "770000016",
            "adresse": "Adresse 16 Dakar, S\u00e9n\u00e9gal",
            "date_naissance": "1996-01-17",
            "lieu_naissance": "Dakar",
            "promotion_id": 19,
            "referentiel_id": "2",
            "statut": "actif",
            "date_inscription": "2025-04-29",
            "photo": "assets\/images\/apprenants\/default.jpg"
        },
        {
            "id": "6810f0ef84a5d",
            "matricule": "1058260",
            "nom": "Nom19",
            "prenom": "Prenom19",
            "email": "apprenant19@example.com",
            "telephone": "770000019",
            "adresse": "Adresse 19 Dakar, S\u00e9n\u00e9gal",
            "date_naissance": "1999-01-20",
            "lieu_naissance": "Dakar",
            "promotion_id": 19,
            "referentiel_id": "2",
            "statut": "actif",
            "date_inscription": "2025-04-29",
            "photo": "assets\/images\/apprenants\/default.jpg"
        },
        {
            "id": "6813680a65cc9",
            "matricule": "1058261",
            "nom": "A",
            "prenom": "A",
            "photo": "assets\/images\/uploads\/apprenants\/6813680a65a3d_WhatsApp_Image_2025-04-21_at_8.16.07_PM_2_.jpeg",
            "adresse": "A",
            "telephone": "776543212",
            "email": "seckmoustapha238@gmail.com",
            "date_naissance": "15\/04\/2000",
            "lieu_naissance": "A",
            "promotion_id": 19,
            "referentiel_id": "2",
            "statut": "actif",
            "date_inscription": "2025-05-01"
        },
        {
            "nom": "ndiaye",
            "prenom": "mapathe",
            "photo": "assets\/images\/uploads\/apprenants\/681416f603073_WhatsApp_Image_2025-04-21_at_8.16.07_PM.jpeg",
            "adresse": "Rue 54 X 61",
            "telephone": "772202532",
            "email": "admin@odc.sn",
            "date_naissance": "13\/12\/2003",
            "lieu_naissance": "Dakar",
            "referentiel_id": "2",
            "id": "681416f6033b1",
            "matricule": "1058262",
            "promotion_id": 19,
            "statut": "actif",
            "date_inscription": "2025-05-02"
        },
        {
            "id": "6814219999c39",
            "matricule": "1058263",
            "nom": "Nom1",
            "prenom": "Prenom1",
            "photo": "assets\/images\/apprenants\/default.jpg",
            "adresse": "Adresse 1 Dakar, S\u00e9n\u00e9gal",
            "telephone": "770000001",
            "email": "apprenant155@example.com",
            "date_naissance": "1991-01-02",
            "lieu_naissance": "Dakar",
            "promotion_id": 19,
            "referentiel_id": "2",
            "statut": "actif",
            "date_inscription": "2025-05-02"
        },
        {
            "nom": "Nom2",
            "prenom": "Prenom2",
            "photo": "assets\/images\/apprenants\/default.jpg",
            "adresse": "Adresse 2 Dakar, S\u00e9n\u00e9gal",
            "telephone": "770000002",
            "email": "apprenant2@example.com",
            "date_naissance": "1992-01-03",
            "lieu_naissance": "Dakar",
            "referentiel_id": "2",
            "id": "681421ecb5729",
            "matricule": "1058264",
            "promotion_id": 19,
            "statut": "actif",
            "date_inscription": "2025-05-02"
        },
        {
            "nom": "Nom4",
            "prenom": "Prenom4",
            "photo": "assets\/images\/apprenants\/default.jpg",
            "adresse": "Adresse 4 Dakar, S\u00e9n\u00e9gal",
            "telephone": "770000004",
            "email": "apprenant49@example.com",
            "date_naissance": "1994-01-05",
            "lieu_naissance": "Dakar",
            "referentiel_id": "2",
            "id": "68142228c3f6a",
            "matricule": "1058265",
            "promotion_id": 19,
            "statut": "actif",
            "date_inscription": "2025-05-02"
        },
        {
            "nom": "ndiaye",
            "prenom": "mapathe",
            "photo": "assets\/images\/uploads\/apprenants\/68166aa7895b1_WhatsApp_Image_2025-04-21_at_8.16.07_PM.jpeg",
            "adresse": "Rue 54 X 61",
            "telephone": "770000001",
            "email": "mapathendiaye542@gmail.com",
            "date_naissance": "13\/12\/2003",
            "lieu_naissance": "Dakar",
            "referentiel_id": "2",
            "id": "68166aa78988e",
            "matricule": "1058266",
            "promotion_id": 19,
            "statut": "actif",
            "date_inscription": "2025-05-03"
        },
        {
            "id": "6818e09b6de0f",
            "matricule": "1058267",
            "nom": "Diallo",
            "prenom": "Ousmane",
            "photo": "assets\/images\/apprenants\/default.jpg",
            "adresse": "Dakar, S\u00e9n\u00e9gal",
            "telephone": "778889900",
            "email": "ousmane.diallo@example.com",
            "date_naissance": "1995-04-12",
            "lieu_naissance": "Dakar",
            "promotion_id": 19,
            "referentiel_id": "2",
            "statut": "actif",
            "date_inscription": "2025-05-05",
            "password": "$2y$10$3YSNP2PdTBUD6uZdhprVPeHyqtWmAbzR2d.b.gStsNdlPGAZBKPKO",
            "password_change_required": true
        }
    ]
}